"SL No.","Supplier ID","Supplier/Company Name","User Name",Mobile,Due
1,1,"Syam Enterprise",Syam_Enterprise,,0
2,2,"Kamal & Brothers",Kamal_&_Brothers,,0
3,4,"Local Company",Local_Company,,0
4,5,"NNB Tradings",NNB_Tradings,,0
5,6,"Salim & Brothers",Salim_&_Brothers,,0
6,7,"Towficq Trading Corporation",Towficq_Trading_Corporation,,0
7,8,"K A Distribution",K_A_Distribution,,0
8,9,"Islam Marketing",Islam_Marketing,,0
9,10,"Masud Traders",Masud_Traders,,0
10,11,"Standard Finis Oil Co. (Nurer Chala Point)",Standard_Finis_Oil_Co._(Nurer_,,0
11,12,"Delower Enterprise",Delower_Enterprise,,0
12,13,"Isphani Tea Ltd",Isphani_Tea_Ltd,,0
13,14,"Kamal Trading Corporation",Kamal_Trading_Corporation,,0
14,15,"Towfiq Trading Corporation",Towfiq_Trading_Corporation,,0
15,16,"Ayesha Pet and Pet Accessories Mart",Ayesha_Pet_and_Pet_Accessories,018,0
16,17,"Gudara Ghat Kacha Bazar",Gudara_Ghat_Kacha_Bazar,018,0
17,18,"Insaf Enterprise",Insaf_Enterprise,018,0
18,19,"Maij Bandari Boiler house",Maij_Bandari_Boiler_house,018,0
19,20,"Mayer Doa Boiler house",Mayer_Doa_Boiler_house,018,0
20,21,"Waj Kuruni Goster Dokan",Waj_Kuruni_Goster_Dokan,018,0
21,22,Komdam,komdam,018,0
